id,name,email
1,Edwin Simonis,bryan@williamson-corkery.co
2,Marylin Haag,freeman@hahn.io
3,Clay Orn,todd_mueller@mayert.com
4,Etha Schmitt,rosio@mayert-rath.io
5,Pres. Rodrigo Walsh,emanuel@stoltenberg.net
6,Riva Wolf,casey@murphy.name
7,Royce Cassin,jason@dubuque-yundt.co
8,Tashina Bednar,jame.mertz@powlowski.biz
9,Carlee Hayes,leanora_blick@witting-raynor.io
10,Wendell Turcotte,marina@jenkins-maggio.org
11,Terence Kub,sal@koepp-bosco.biz
12,Sommer Wisozk,emmanuel_gorczany@lowe.io
13,Royce Mann,bernardo@goldner.com
14,Ms. Angel Renner,stefan.crona@rolfson.info
15,Johnnie Howell,roslyn_kris@kiehn-hegmann.com
16,Lazaro Wiegand,marlon@quitzon.co
17,Orlando Frami,marlon.wehner@wolf-murphy.com
18,Malik Dare,len.bechtelar@durgan.co
19,Roger Wilkinson,israel@kessler.io
20,Priscila Durgan,lecia_swaniawski@dubuque.io
21,The Hon. Marilynn Rolfson,venetta@ankunding.io
22,Spencer Cummerata,andree_heaney@reynolds.info
23,Parker Marks,mariano_beier@gulgowski.com
24,Sen. Chang Mraz,shantay_larson@harber.org
25,Jake Crona,carmelita@simonis.name
26,Suellen Cremin II,shirley@thiel-schultz.net
27,Giovanni Blick,stanford.johnston@hills.biz
28,Garfield Rice Ret.,malvina.hagenes@weissnat.info
29,Babette Jaskolski,sherron_bruen@huels-brakus.net
30,Sergio Kessler,quincy@douglas-bradtke.io
31,Tobias Smitham,ada@jacobi.name
32,Dr. Porter Hayes,kelsi_reichel@weissnat.io
33,Malik Hayes JD,agueda@pollich.info
34,Dallas Deckow,shirley@bernier.com
35,Darci Towne,dylan_daugherty@metz.com
36,Charles Larkin,flossie_kuhic@walter.com
37,Teresa Trantow,roland@medhurst.info
38,Tracey Koss,ervin@hilll.net
39,Dexter Lakin,shelia_ullrich@cassin.net
40,Elda Cummings IV,olinda.sporer@murazik.org
41,Russel Torp,geralyn@weber.co
42,Miss Aimee Botsford,zonia@larkin.co
43,Misty Weber,grant@harber.name
44,Cleo Watsica,maye@ritchie.co
45,Stewart Lesch II,maile_bruen@cummerata.name
46,Adam Friesen I,lester.roob@okeefe.io
47,Morton Jenkins,alden_bechtelar@schmeler-leffler.co
48,Lynda Graham,rolanda@bernier.io
49,Mrs. Barabara Walker,anthony@emmerich-satterfield.org
50,Holley Crist,mack@sauer-cormier.name
51,Paulina Dickinson,whitley@fritsch.org
52,Kittie Rice JD,renee.wiegand@anderson.info
53,Felix Lowe,leonard.kunze@pfeffer.info
54,Keven Jerde I,zachary.runolfsson@lakin.biz
55,Myles Mann PhD,rosalva.hermiston@langosh.co
56,Livia Marquardt,malka_moen@ullrich.net
57,Tuan Brakus,bryan@nicolas.name
58,Trinidad Stoltenberg DO,scott@lebsack-schaefer.info
59,Lynetta Kerluke,ardis@jaskolski.name
60,Renato Abernathy,walker@runolfsson.com
61,Omer Wehner,scott@casper.biz
62,Sen. Ivonne Keebler,hiram.stehr@orn-morar.io
63,Fr. Myron Glover,scot@trantow-corkery.org
64,Tarra Spencer,elwanda@kshlerin-jacobs.name
65,Napoleon Kessler,chi_mccullough@konopelski-harris.io
66,Dian Fadel,rafaela_hane@larson-torp.name
67,Nicholle Rohan III,golda@casper-willms.biz
68,Marla Homenick,delphia@fritsch-osinski.io
69,Ms. Britt Koch,dean@brakus-grimes.biz
70,Theresia Osinski,danelle_kutch@kihn-weber.net
71,Sharyl Ritchie,lucius@ratke.net
72,Rep. Elina Hermiston,chelsea.ankunding@frami-durgan.org
73,Josue VonRueden,eddy@ondricka.io
74,Johnie Kuhlman,mirtha_wiza@parisian.co
75,Sina Gleason PhD,reed_cummerata@macgyver.name
76,Rodolfo Moen,karlene@frami.info
77,Patti Reynolds,josue@stanton-farrell.net
78,Abraham Herman DO,weston.schinner@gottlieb.biz
79,Lawerence Swaniawski,lino.schmidt@jerde.name
80,Ferdinand Ernser,lona@grady-sipes.name
81,Vilma Hahn,willia@harvey.io
82,Jerrold Swaniawski,francisco.wiza@gislason.biz
83,Kenton Nader,cristopher.luettgen@jakubowski.name
84,Luther Ryan,polly.leannon@wilderman-murphy.co
85,Williemae Nitzsche,yuri_adams@volkman.net
86,Beatriz Greenholt,josette_predovic@dach.info
87,Beckie Frami Jr.,stephany@schmitt-fadel.biz
88,Yael Botsford IV,sibyl_feest@roberts.io
89,Lloyd Osinski,roy_lockman@hand-bergstrom.com
90,Otis Carter,shauna@graham-king.name
91,Brent Cremin,renaldo.rohan@okuneva-weber.co
92,Gaye Blick,theo.goyette@rath.com
93,Roosevelt Padberg,renato@wyman-von.co
94,Wilber Hudson,johnathon@jakubowski.info
95,Kirby Bechtelar,jae@rodriguez-bradtke.name
96,Msgr. Mohamed Vandervort,despina_funk@macgyver.com
97,Trina Hintz Ret.,clemente_schuster@mayert.info
98,Milissa Treutel,cathey_pfannerstill@leuschke-schaefer.name
99,Mervin McKenzie,olivia@deckow-denesik.io
100,Felicitas Ebert,chae_okon@hand.name
